"API_Name","R_squared","RSE","F_statistic","P_greaterthan_F","df","Pred_2020","SE_2020","Pred_2050","SE_2050","Intercept_g_per_capita","Coeff_g_per_capita","PNEC_ugL"
"ciprofloxacin",0.493198405788677,0.0529934194966238,16.5436987455715,8.01297872639366e-4,17,0.24761524896422,0.0272755169118759,0.518461031587249,0.0918141295027301,0.0670513938822004,0.00902819275410098,0.1
"diclofenac",0.639338729740422,0.0678828600638237,30.1356405631374,3.9873037459746e-5,17,0.528253298197502,0.0349390568731895,0.99651018391042,0.117610936680784,0.216082041055556,0.0156085628570973,0.04
"estradiol",0.631365808548736,4.1728051200359e-4,29.116178027527,4.82748695628702e-5,17,0.00261834868109948,2.14772735374725e-4,-2.10952054970709e-4,7.22962347627029e-4,0.00450454917181295,-9.43100245356731e-5,1.7999999999999998e-4
"ethinylestradiol",0.913902641622665,4.34444113182819e-5,180.450889555691,1.75859548294806e-10,17,5.56387644709297e-4,2.2360677738748e-5,0.00128971393887422,7.5269926810455e-5,6.75034485993489e-5,2.44442098054974e-5,3.2000000000000003e-6
"ibuprofen",0.704044312796688,1.02709355187328,40.441031664722,7.12499252382143e-6,17,9.31643386103416,0.528641250372286,17.5238214391053,1.77949830901401,3.84484214232008,0.273579585935704,0.14
"paracetamol",0.96906973434084,1.6729004724221,532.62347195248606,2.84897891587478e-14,17,54.2320012925118,0.86103568255944,102.745665886082,2.89839572684919,21.8895582301317,1.617122153119,10
