"API_Name","Intercept_kg_per_mpop","Coeff_kg_per_mpop_per_year","PNEC_gL"
"ciprofloxacin",67.0513938822004,9.02819275410098,5e-9
"diclofenac",216.082041055556,15.6085628570973,5e-8
"estradiol",4.50454917181295,-0.0943100245356731,4e-10
"ethinylestradiol",0.067503448599349,0.0244442098054974,3.5e-11
"ibuprofen",3844.84214232008,273.579585935704,1e-6
"paracetamol",21889.5582301317,1617.122153119,1e-5
