API_Name,min_removal,med_removal,max_removal
ciprofloxacin,0,67.25,68.75
diclofenac,14.540000000000001,33.67777777777778,95.42857142857143
estradiol,10,65.25,90
ethinylestradiol,13.5,66.25,96
ibuprofen,30.314,56.857142857142854,76
mean,7.894215053763441,42.47190476190476,83.00373809523809
paracetamol,3.233333333333333,94,99
